{
    "display": {
        "title": {
            "text": "Crafted Tweaks",
            "color": "white"
        },
        "description": {
            "text": "A datapack that adds optional crafting recipes to fill in the holes left in the Minecraft crafting system.",
            "color": "gold"
        },
        "icon": {
            "item": "minecraft:crafting_table"
        },
        "frame": "challenge",
        "show_toast": false,
        "announce_to_chat": false,
        "hidden": false,
        "background": "minecraft:textures/block/black_concrete.png"
    },
    "criteria": {
        "tick": {
            "trigger": "minecraft:tick"
        }
    }
}